birthYear,birthDate,deathYear,deathCause_label
1718-01-01T00:00:00+02:00,1718-11-28,1763-01-01T00:00:00+02:00,{Cancer|Suicide}
1734-01-01T00:00:00+02:00,1734-02-18,1793-01-01T00:00:00+02:00,Suicide
1742-01-01T00:00:00+02:00,1742-12-06,1806-01-01T00:00:00+02:00,Suicide
1750-01-01T00:00:00+02:00,1750-01-01T00:00:00+02:00,1804-01-01T00:00:00+02:00,Pneumonia
1752-01-01T00:00:00+02:00,1752-08-21,1794-01-01T00:00:00+02:00,Suicide
1754-01-01T00:00:00+02:00,1754-06-18,1817-01-01T00:00:00+02:00,Breast cancer
1755-01-01T00:00:00+02:00,1755-04-11,1824-01-01T00:00:00+02:00,Stroke
1762-01-01T00:00:00+02:00,{1762-04-21|1762-08-21},1841-01-01T00:00:00+02:00,Pneumonia
1785-01-01T00:00:00+02:00,1785-10-02,1842-01-01T00:00:00+02:00,Pneumonia
1792-01-01T00:00:00+02:00,1792-05-17,1860-01-01T00:00:00+02:00,Breast cancer
1793-01-01T00:00:00+02:00,1793-04-02,1860-01-01T00:00:00+02:00,Suicide
1794-01-01T00:00:00+02:00,1794-10-06,1863-01-01T00:00:00+02:00,{Pneumonia|Typhoid fever}
1796-01-01T00:00:00+02:00,1796-05-04,1859-01-01T00:00:00+02:00,Stroke
1798-01-01T00:00:00+02:00,1798-10-11,1875-01-01T00:00:00+02:00,Pneumonia
1805-01-01T00:00:00+02:00,1805-03-26,1973-01-01T00:00:00+02:00,Pneumonia
1805-01-01T00:00:00+02:00,1805-01-01T00:00:00+02:00,1881-01-01T00:00:00+02:00,Pneumonia
1805-01-01T00:00:00+02:00,1805-09-04,1883-01-01T00:00:00+02:00,Myocardial infarction
1807-01-01T00:00:00+02:00,1807-11-05,1888-01-01T00:00:00+02:00,Pneumonia
1807-01-01T00:00:00+02:00,1807-01-01T00:00:00+02:00,1883-01-01T00:00:00+02:00,Pneumonia
1807-01-01T00:00:00+02:00,{1807-01-01T00:00:00+02:00|1807-02-15},1855-01-01T00:00:00+02:00,Stroke
1807-01-01T00:00:00+02:00,1807-09-30,1873-01-01T00:00:00+02:00,Myocardial infarction
1807-01-01T00:00:00+02:00,1807-12-16,1875-01-01T00:00:00+02:00,Myocardial infarction
1809-01-01T00:00:00+02:00,1809-09-05,1866-01-01T00:00:00+02:00,Myocardial infarction
1809-01-01T00:00:00+02:00,1809-08-22,1867-01-01T00:00:00+02:00,Pneumonia
1815-01-01T00:00:00+02:00,1815-01-27,1891-01-01T00:00:00+02:00,Stroke
1816-01-01T00:00:00+02:00,1816-11-06,1901-01-01T00:00:00+02:00,Stroke
1816-01-01T00:00:00+02:00,1816-05-16,1877-01-01T00:00:00+02:00,Pneumonia
{1815-01-01T00:00:00+02:00|1816-01-01T00:00:00+02:00},1816-01-01T00:00:00+02:00,1866-01-01T00:00:00+02:00,Myocardial infarction
1817-01-01T00:00:00+02:00,1817-02-13,1875-01-01T00:00:00+02:00,Myocardial infarction
1818-01-01T00:00:00+02:00,1818-09-11,1891-01-01T00:00:00+02:00,Bronchopneumonia
1819-01-01T00:00:00+02:00,1819-12-10,1893-01-01T00:00:00+02:00,Pneumonia
1819-01-01T00:00:00+02:00,1819-09-13,1896-01-01T00:00:00+02:00,Stroke
{1820-01-01T00:00:00+02:00|1822-01-01T00:00:00+02:00},1820-01-01T00:00:00+02:00,1913-01-01T00:00:00+02:00,Pneumonia
1821-01-01T00:00:00+02:00,1821-08-26,1898-01-01T00:00:00+02:00,Myocardial infarction
1821-01-01T00:00:00+02:00,1821-11-30,1880-01-01T00:00:00+02:00,Stomach cancer
1823-01-01T00:00:00+02:00,1823-05-15,1892-01-01T00:00:00+02:00,Pneumonia
1824-01-01T00:00:00+02:00,1824-11-03,1859-01-01T00:00:00+02:00,Pneumonia
1825-01-01T00:00:00+02:00,1825-09-25,1910-01-01T00:00:00+02:00,Myocardial infarction
1826-01-01T00:00:00+02:00,1826-12-22,1897-01-01T00:00:00+02:00,Stroke
1830-01-01T00:00:00+02:00,1830-05-19,1890-01-01T00:00:00+02:00,{Pneumonia|Fatigue (medical)}
1831-01-01T00:00:00+02:00,1831-02-23,1870-01-01T00:00:00+02:00,Pneumonia
1831-01-01T00:00:00+02:00,1831-05-01,1880-01-01T00:00:00+02:00,Breast cancer
1831-01-01T00:00:00+02:00,1831-01-02,1870-01-01T00:00:00+02:00,Suicide
1832-01-01T00:00:00+02:00,1832-01-01T00:00:00+02:00,1898-01-01T00:00:00+02:00,Myocardial infarction
1834-01-01T00:00:00+02:00,1834-01-01T00:00:00+02:00,1907-01-01T00:00:00+02:00,Pneumonia
1834-01-01T00:00:00+02:00,1834-11-21,1916-01-01T00:00:00+02:00,Stroke
1835-01-01T00:00:00+02:00,1835-11-25,1919-01-01T00:00:00+02:00,Bronchopneumonia
1836-01-01T00:00:00+02:00,1836-01-01T00:00:00+02:00,1895-01-01T00:00:00+02:00,Stroke
1836-01-01T00:00:00+02:00,1836-02-21,1889-01-01T00:00:00+02:00,Stroke
1836-01-01T00:00:00+02:00,1836-01-01T00:00:00+02:00,1905-01-01T00:00:00+02:00,Myocardial infarction
1836-01-01T00:00:00+02:00,1836-06-10,1900-01-01T00:00:00+02:00,Myocardial infarction
1837-01-01T00:00:00+02:00,1837-01-01T00:00:00+02:00,1903-01-01T00:00:00+02:00,Myocardial infarction
1838-01-01T00:00:00+02:00,1838-01-04,1883-01-01T00:00:00+02:00,Stroke
1838-01-01T00:00:00+02:00,1838-02-06,1905-01-01T00:00:00+02:00,Stroke
1838-01-01T00:00:00+02:00,1838-07-08,1898-01-01T00:00:00+02:00,Cancer
1839-01-01T00:00:00+02:00,1839-09-09,1915-01-01T00:00:00+02:00,Myocardial infarction
1841-01-01T00:00:00+02:00,1841-10-11,1909-01-01T00:00:00+02:00,Pneumonia
1841-01-01T00:00:00+02:00,1841-11-18,1888-01-01T00:00:00+02:00,Myocardial infarction
1842-01-01T00:00:00+02:00,1842-01-01T00:00:00+02:00,1920-01-01T00:00:00+02:00,Myocardial infarction
1843-01-01T00:00:00+02:00,1843-08-15,1912-01-01T00:00:00+02:00,Pneumonia
1843-01-01T00:00:00+02:00,1843-10-02,1886-01-01T00:00:00+02:00,Pneumonia
1843-01-01T00:00:00+02:00,1843-09-13,1885-01-01T00:00:00+02:00,Suicide
1843-01-01T00:00:00+02:00,1843-03-31,1889-01-01T00:00:00+02:00,Suicide
1843-01-01T00:00:00+02:00,1843-06-19,1929-01-01T00:00:00+02:00,Pneumonia
1843-01-01T00:00:00+02:00,1843-01-01T00:00:00+02:00,1880-01-01T00:00:00+02:00,Pneumonia
1844-01-01T00:00:00+02:00,1844-10-11,1919-01-01T00:00:00+02:00,Pneumonia
1844-01-01T00:00:00+02:00,1844-01-01T00:00:00+02:00,1899-01-01T00:00:00+02:00,Pneumonia
1844-01-01T00:00:00+02:00,1844-01-01T00:00:00+02:00,1929-01-01T00:00:00+02:00,Pneumonia
1845-01-01T00:00:00+02:00,1845-11-12,1922-01-01T00:00:00+02:00,Cancer
1846-01-01T00:00:00+02:00,1846-09-14,1922-01-01T00:00:00+02:00,Stroke
1847-01-01T00:00:00+02:00,1847-10-10,1902-01-01T00:00:00+02:00,Myocardial infarction
1847-01-01T00:00:00+02:00,1847-02-04,1929-01-01T00:00:00+02:00,Suicide
1848-01-01T00:00:00+02:00,1848-01-26,1899-01-01T00:00:00+02:00,Pneumonia
1848-01-01T00:00:00+02:00,1848-09-08,1897-01-01T00:00:00+02:00,Suicide
1848-01-01T00:00:00+02:00,1848-01-01T00:00:00+02:00,1930-01-01T00:00:00+02:00,Pneumonia
1849-01-01T00:00:00+02:00,1849-07-23,1919-01-01T00:00:00+02:00,Cancer
1849-01-01T00:00:00+02:00,1849-05-27,1938-01-01T00:00:00+02:00,Myocardial infarction
1850-01-01T00:00:00+02:00,1850-06-04,1879-01-01T00:00:00+02:00,Pneumonia
{1850-01-01T00:00:00+02:00|1851-01-01T00:00:00+02:00},{1850-01-01T00:00:00+02:00|1851-07-27},1917-01-01T00:00:00+02:00,Pneumonia
1851-01-01T00:00:00+02:00,1851-11-16,1907-01-01T00:00:00+02:00,Myocardial infarction
1852-01-01T00:00:00+02:00,1852-08-12,1890-01-01T00:00:00+02:00,Pneumonia
1852-01-01T00:00:00+02:00,1852-10-09,1919-01-01T00:00:00+02:00,Suicide
1852-01-01T00:00:00+02:00,1852-06-28,1938-01-01T00:00:00+02:00,Myocardial infarction
1853-01-01T00:00:00+02:00,1853-09-11,1933-01-01T00:00:00+02:00,Stroke
1854-01-01T00:00:00+02:00,1854-02-16,1934-01-01T00:00:00+02:00,{Myocardial infarction|Diabetes mellitus}
1854-01-01T00:00:00+02:00,1854-10-18,1930-01-01T00:00:00+02:00,Myocardial infarction
1855-01-01T00:00:00+02:00,1855-07-12,1908-01-01T00:00:00+02:00,Pneumonia
1856-01-01T00:00:00+02:00,1856-08-12,1917-01-01T00:00:00+02:00,Myocardial infarction
1856-01-01T00:00:00+02:00,1856-02-16,1920-01-01T00:00:00+02:00,Pneumonia
1856-01-01T00:00:00+02:00,1856-01-18,1936-01-01T00:00:00+02:00,Pneumonia
1857-01-01T00:00:00+02:00,1857-04-10,1930-01-01T00:00:00+02:00,Head and neck cancer
1857-01-01T00:00:00+02:00,1857-03-06,1938-01-01T00:00:00+02:00,Cancer
1857-01-01T00:00:00+02:00,1857-01-05,1924-01-01T00:00:00+02:00,Pneumonia
1857-01-01T00:00:00+02:00,1857-08-29,1927-01-01T00:00:00+02:00,Cancer
1857-01-01T00:00:00+02:00,1857-06-03,1911-01-01T00:00:00+02:00,Stroke
1858-01-01T00:00:00+02:00,1858-01-21,1940-01-01T00:00:00+02:00,Myocardial infarction
1858-01-01T00:00:00+02:00,1858-03-23,1941-01-01T00:00:00+02:00,Pneumonia
1858-01-01T00:00:00+02:00,1858-01-01T00:00:00+02:00,1907-01-01T00:00:00+02:00,Suicide
{1858-01-01T00:00:00+02:00|1864-01-01T00:00:00+02:00},{1858-01-11|1864-01-11},1947-01-01T00:00:00+02:00,Bronchopneumonia
1858-01-01T00:00:00+02:00,1858-01-28,1934-01-01T00:00:00+02:00,Lobar pneumonia
1858-01-01T00:00:00+02:00,1858-03-30,1935-01-01T00:00:00+02:00,Myocardial infarction
1859-01-01T00:00:00+02:00,1859-03-15,1932-01-01T00:00:00+02:00,Myocardial infarction
1859-01-01T00:00:00+02:00,1859-10-23,1892-01-01T00:00:00+02:00,Pneumonia
1860-01-01T00:00:00+02:00,1860-01-09,1951-01-01T00:00:00+02:00,Myocardial infarction
1860-01-01T00:00:00+02:00,1860-08-12,1907-01-01T00:00:00+02:00,Breast cancer
1860-01-01T00:00:00+02:00,1860-01-24,1938-01-01T00:00:00+02:00,Myocardial infarction
1860-01-01T00:00:00+02:00,1860-07-19,1927-01-01T00:00:00+02:00,Pneumonia
1860-01-01T00:00:00+02:00,1860-01-17,1952-01-01T00:00:00+02:00,Myocardial infarction
1861-01-01T00:00:00+02:00,1861-08-12,1931-01-01T00:00:00+02:00,Myocardial infarction
1861-01-01T00:00:00+02:00,1861-04-06,1932-01-01T00:00:00+02:00,Pneumonia
1862-01-01T00:00:00+02:00,1862-08-10,1906-01-01T00:00:00+02:00,Myocardial infarction
1862-01-01T00:00:00+02:00,1862-06-02,1918-01-01T00:00:00+02:00,Suicide
1862-01-01T00:00:00+02:00,1862-09-20,1917-01-01T00:00:00+02:00,Myocardial infarction
1862-01-01T00:00:00+02:00,1862-09-01,1931-01-01T00:00:00+02:00,Pneumonia
1863-01-01T00:00:00+02:00,1863-07-12,1906-01-01T00:00:00+02:00,Suicide
1863-01-01T00:00:00+02:00,1863-08-02,1937-01-01T00:00:00+02:00,Stroke
1863-01-01T00:00:00+02:00,1863-01-01T00:00:00+02:00,1930-01-01T00:00:00+02:00,Bronchopneumonia
1864-01-01T00:00:00+02:00,1864-09-09,1887-01-01T00:00:00+02:00,Suicide
1864-01-01T00:00:00+02:00,1864-05-28,1930-01-01T00:00:00+02:00,Suicide
1864-01-01T00:00:00+02:00,1864-05-17,1944-01-01T00:00:00+02:00,Myocardial infarction
1864-01-01T00:00:00+02:00,1864-10-25,1920-01-01T00:00:00+02:00,{Pneumonia|1918 flu pandemic}
1865-01-01T00:00:00+02:00,1865-04-08,1932-01-01T00:00:00+02:00,Stroke
1865-01-01T00:00:00+02:00,{1865-01-01T00:00:00+02:00|1865-06-29},1986-01-01T00:00:00+02:00,Pneumonia
1865-01-01T00:00:00+02:00,1865-12-29,1940-01-01T00:00:00+02:00,Stroke
1865-01-01T00:00:00+02:00,1865-04-05,1931-01-01T00:00:00+02:00,Cancer
1866-01-01T00:00:00+02:00,1866-02-12,1940-01-01T00:00:00+02:00,Myocardial infarction
1866-01-01T00:00:00+02:00,1866-02-26,1933-01-01T00:00:00+02:00,Myocardial infarction
1867-01-01T00:00:00+02:00,1867-09-07,{1867-01-01T00:00:00+02:00|1943-01-01T00:00:00+02:00},Stroke
1867-01-01T00:00:00+02:00,1867-12-29,1931-01-01T00:00:00+02:00,Myocardial infarction
1867-01-01T00:00:00+02:00,1867-07-13,1952-01-01T00:00:00+02:00,Myocardial infarction
1868-01-01T00:00:00+02:00,1868-04-20,1936-01-01T00:00:00+02:00,Myocardial infarction
1868-01-01T00:00:00+02:00,1868-04-26,1915-01-01T00:00:00+02:00,Suicide
1868-01-01T00:00:00+02:00,1868-05-17,1920-01-01T00:00:00+02:00,{Pneumonia|1918 flu pandemic|Cirrhosis}
1868-01-01T00:00:00+02:00,1868-03-18,1940-01-01T00:00:00+02:00,Suicide
1869-01-01T00:00:00+02:00,1869-01-01T00:00:00+02:00,1898-01-01T00:00:00+02:00,{Abscess|Alcoholism|Pneumonia}
1869-01-01T00:00:00+02:00,1869-07-20,1936-01-01T00:00:00+02:00,Pneumonia
1870-01-01T00:00:00+02:00,1870-11-12,1952-01-01T00:00:00+02:00,Myocardial infarction
1870-01-01T00:00:00+02:00,1870-11-21,1936-01-01T00:00:00+02:00,Suicide
1870-01-01T00:00:00+02:00,1870-05-21,1944-01-01T00:00:00+02:00,Myocardial infarction
1870-01-01T00:00:00+02:00,1870-01-20,1925-01-01T00:00:00+02:00,Suicide
1870-01-01T00:00:00+02:00,1870-04-17,1934-01-01T00:00:00+02:00,Myocardial infarction
1870-01-01T00:00:00+02:00,1870-06-21,1915-01-01T00:00:00+02:00,Suicide
1870-01-01T00:00:00+02:00,{1870-05-21|1870-10-20},1957-01-01T00:00:00+02:00,Myocardial infarction
1871-01-01T00:00:00+02:00,1871-04-20,1922-01-01T00:00:00+02:00,Pneumonia
1871-01-01T00:00:00+02:00,1871-02-12,1947-01-01T00:00:00+02:00,Myocardial infarction
1871-01-01T00:00:00+02:00,1871-08-07,1934-01-01T00:00:00+02:00,Stroke
1871-01-01T00:00:00+02:00,1871-05-22,1940-01-01T00:00:00+02:00,Pneumonia
1872-01-01T00:00:00+02:00,{1872-11-07|1872-11-08},1945-01-01T00:00:00+02:00,Cancer
1872-01-01T00:00:00+02:00,1872-04-29,1930-01-01T00:00:00+02:00,Pneumonia
1872-01-01T00:00:00+02:00,1872-01-17,1959-01-01T00:00:00+02:00,Pneumonia
1872-01-01T00:00:00+02:00,1872-02-10,1951-01-01T00:00:00+02:00,Myocardial infarction
1872-01-01T00:00:00+02:00,1872-05-13,1902-01-01T00:00:00+02:00,Pneumonia
1872-01-01T00:00:00+02:00,{1872-10-17|1872-10-18},{1936-01-01T00:00:00+02:00|1937-01-01T00:00:00+02:00},Stroke
1872-01-01T00:00:00+02:00,1872-06-09,1950-01-01T00:00:00+02:00,Stroke
1872-01-01T00:00:00+02:00,1872-01-01T00:00:00+02:00,1931-01-01T00:00:00+02:00,Stroke
1873-01-01T00:00:00+02:00,1873-05-21,1941-01-01T00:00:00+02:00,Suicide
1873-01-01T00:00:00+02:00,1873-12-06,1944-01-01T00:00:00+02:00,Bronchopneumonia
1873-01-01T00:00:00+02:00,1873-03-04,1957-01-01T00:00:00+02:00,Myocardial infarction
1873-01-01T00:00:00+02:00,1873-06-10,1937-01-01T00:00:00+02:00,Pneumonia
1874-01-01T00:00:00+02:00,1874-03-28,1949-01-01T00:00:00+02:00,Myocardial infarction
1874-01-01T00:00:00+02:00,1874-10-05,1961-01-01T00:00:00+02:00,Myocardial infarction
1874-01-01T00:00:00+02:00,1874-05-09,1937-01-01T00:00:00+02:00,Myocardial infarction
1874-01-01T00:00:00+02:00,1874-05-12,1929-01-01T00:00:00+02:00,Suicide
1875-01-01T00:00:00+02:00,1875-10-08,1934-01-01T00:00:00+02:00,Myocardial infarction
1875-01-01T00:00:00+02:00,1875-10-26,1958-01-01T00:00:00+02:00,Myocardial infarction
1875-01-01T00:00:00+02:00,1875-07-26,1965-01-01T00:00:00+02:00,Myocardial infarction
{1875-01-01T00:00:00+02:00|1877-01-01T00:00:00+02:00},{1875-09-26|1877-09-26},1959-01-01T00:00:00+02:00,Pneumonia
1875-01-01T00:00:00+02:00,1875-11-24,1944-01-01T00:00:00+02:00,Pancreatic cancer
1875-01-01T00:00:00+02:00,1875-04-04,1948-01-01T00:00:00+02:00,Pneumonia
1875-01-01T00:00:00+02:00,1875-07-15,1960-01-01T00:00:00+02:00,Stroke
1876-01-01T00:00:00+02:00,1876-02-26,1895-01-01T00:00:00+02:00,{Pneumonia|Meningitis}
1876-01-01T00:00:00+02:00,{1876-01-01T00:00:00+02:00|1876-10-14},1951-01-01T00:00:00+02:00,Myocardial infarction
1876-01-01T00:00:00+02:00,1876-01-22,1943-01-01T00:00:00+02:00,Myocardial infarction
1877-01-01T00:00:00+02:00,1877-09-18,1952-01-01T00:00:00+02:00,Myocardial infarction
1877-01-01T00:00:00+02:00,1877-02-08,1945-01-01T00:00:00+02:00,Suicide
1877-01-01T00:00:00+02:00,1877-11-22,1930-01-01T00:00:00+02:00,Suicide
1878-01-01T00:00:00+02:00,1878-07-17,1947-01-01T00:00:00+02:00,Pneumonia
1878-01-01T00:00:00+02:00,1878-03-13,1945-01-01T00:00:00+02:00,Suicide
1878-01-01T00:00:00+02:00,1878-09-23,1950-01-01T00:00:00+02:00,Stroke
1878-01-01T00:00:00+02:00,1878-03-13,1955-01-01T00:00:00+02:00,Myocardial infarction
1878-01-01T00:00:00+02:00,1878-04-28,1954-01-01T00:00:00+02:00,Myocardial infarction
1879-01-01T00:00:00+02:00,1879-10-15,1967-01-01T00:00:00+02:00,Myocardial infarction
1879-01-01T00:00:00+02:00,1879-03-12,1919-01-01T00:00:00+02:00,Suicide
1879-01-01T00:00:00+02:00,1879-09-06,1936-01-01T00:00:00+02:00,Myocardial infarction
1879-01-01T00:00:00+02:00,1879-08-26,1945-01-01T00:00:00+02:00,Suicide
1879-01-01T00:00:00+02:00,1879-05-31,1960-01-01T00:00:00+02:00,Myocardial infarction
1880-01-01T00:00:00+02:00,1880-03-02,1932-01-01T00:00:00+02:00,Suicide
1880-01-01T00:00:00+02:00,1880-10-15,1958-01-01T00:00:00+02:00,Breast cancer
{1880-01-01T00:00:00+02:00|1881-01-01T00:00:00+02:00},{1880-01-01T00:00:00+02:00|1881-12-14},1942-01-01T00:00:00+02:00,Stroke
1880-01-01T00:00:00+02:00,1880-08-07,1962-01-01T00:00:00+02:00,Stroke
1881-01-01T00:00:00+02:00,1881-10-25,1971-01-01T00:00:00+02:00,Stroke
1881-01-01T00:00:00+02:00,{1881-07-21|1881-07-27},1945-01-01T00:00:00+02:00,Suicide
1881-01-01T00:00:00+02:00,1881-11-26,1934-01-01T00:00:00+02:00,Suicide
1881-01-01T00:00:00+02:00,1881-06-25,1962-01-01T00:00:00+02:00,Myocardial infarction
1882-01-01T00:00:00+02:00,1882-05-10,1958-01-01T00:00:00+02:00,Myocardial infarction
1882-01-01T00:00:00+02:00,1882-04-21,1961-01-01T00:00:00+02:00,Suicide
1882-01-01T00:00:00+02:00,1882-02-28,1923-01-01T00:00:00+02:00,Suicide
1882-01-01T00:00:00+02:00,1882-02-15,1942-01-01T00:00:00+02:00,{Pneumonia|Cirrhosis}
1882-01-01T00:00:00+02:00,1882-10-20,1956-01-01T00:00:00+02:00,Myocardial infarction
1882-01-01T00:00:00+02:00,1882-12-18,1956-01-01T00:00:00+02:00,Cancer
1882-01-01T00:00:00+02:00,1882-09-03,1955-01-01T00:00:00+02:00,Myocardial infarction
1882-01-01T00:00:00+02:00,1882-01-17,1946-01-01T00:00:00+02:00,Myocardial infarction
1883-01-01T00:00:00+02:00,1883-05-23,1939-01-01T00:00:00+02:00,Myocardial infarction
1883-01-01T00:00:00+02:00,1883-11-15,1967-01-01T00:00:00+02:00,Liver cancer
1883-01-01T00:00:00+02:00,1883-02-22,1940-01-01T00:00:00+02:00,Pneumonia
1883-01-01T00:00:00+02:00,1883-07-28,1949-01-01T00:00:00+02:00,Stroke
1883-01-01T00:00:00+02:00,1883-01-01,1943-01-01T00:00:00+02:00,Suicide
1883-01-01T00:00:00+02:00,1883-03-19,1957-01-01T00:00:00+02:00,Lung cancer
1883-01-01T00:00:00+02:00,1883-04-14,1961-01-01T00:00:00+02:00,Myocardial infarction
1883-01-01T00:00:00+02:00,1883-10-13,1966-01-01T00:00:00+02:00,Stroke
1883-01-01T00:00:00+02:00,1883-04-01,1930-01-01T00:00:00+02:00,Lung cancer
1884-01-01T00:00:00+02:00,1884-07-23,1950-01-01T00:00:00+02:00,Liver cancer
1884-01-01T00:00:00+02:00,1884-08-25,1942-01-01T00:00:00+02:00,Myocardial infarction
1884-01-01T00:00:00+02:00,1884-04-25,1946-01-01T00:00:00+02:00,Suicide
1884-01-01T00:00:00+02:00,1884-06-04,1942-01-01T00:00:00+02:00,Myocardial infarction
1884-01-01T00:00:00+02:00,1884-02-22,1934-01-01T00:00:00+02:00,Myocardial infarction
1884-01-01T00:00:00+02:00,1884-03-17,1950-01-01T00:00:00+02:00,Lung cancer
1884-01-01T00:00:00+02:00,1884-07-10,1949-01-01T00:00:00+02:00,Myocardial infarction
1884-01-01T00:00:00+02:00,1884-04-27,1960-01-01T00:00:00+02:00,Pneumonia
{1884-01-01T00:00:00+02:00|1885-01-01T00:00:00+02:00},{1884-11-15|1885-11-15},{1936-01-01T00:00:00+02:00|1937-01-01T00:00:00+02:00},Lobar pneumonia
1885-01-01T00:00:00+02:00,1885-07-29,1955-01-01T00:00:00+02:00,Stomach cancer
1885-01-01T00:00:00+02:00,1885-10-11,1934-01-01T00:00:00+02:00,Pneumonia
1885-01-01T00:00:00+02:00,1885-02-01,1932-01-01T00:00:00+02:00,Suicide
1885-01-01T00:00:00+02:00,1885-10-04,1938-01-01T00:00:00+02:00,Myocardial infarction
1885-01-01T00:00:00+02:00,1885-04-15,1935-01-01T00:00:00+02:00,Pneumonia
1885-01-01T00:00:00+02:00,1885-09-17,1957-01-01T00:00:00+02:00,Myocardial infarction
1885-01-01T00:00:00+02:00,1885-07-23,1935-01-01T00:00:00+02:00,Pneumonia
1885-01-01T00:00:00+02:00,1885-04-01,1949-01-01T00:00:00+02:00,Myocardial infarction
1885-01-01T00:00:00+02:00,1885-10-10,1954-01-01T00:00:00+02:00,Myocardial infarction
1885-01-01T00:00:00+02:00,1885-12-22,1949-01-01T00:00:00+02:00,Myocardial infarction
1886-01-01T00:00:00+02:00,1886-10-17,1971-01-01T00:00:00+02:00,Cancer
1886-01-01T00:00:00+02:00,1886-04-14,1953-01-01T00:00:00+02:00,Pneumonia
1886-01-01T00:00:00+02:00,1886-07-13,1948-01-01T00:00:00+02:00,Myocardial infarction
{1886-01-01T00:00:00+02:00|1911-01-01T00:00:00+02:00},{1886-01-04|1911-10-20},1960-01-01T00:00:00+02:00,Myocardial infarction
1886-01-01T00:00:00+02:00,1886-12-12,1939-01-01T00:00:00+02:00,Myocardial infarction
{1886-01-01T00:00:00+02:00|1892-01-01T00:00:00+02:00},{1886-10-25|1892-10-25},1972-01-01T00:00:00+02:00,{Pneumonia|Cancer}
1886-01-01T00:00:00+02:00,1886-02-08,1970-01-01T00:00:00+02:00,Cancer
1886-01-01T00:00:00+02:00,1886-07-29,1973-01-01T00:00:00+02:00,Stroke
1887-01-01T00:00:00+02:00,1887-12-23,1959-01-01T00:00:00+02:00,Myocardial infarction
1887-01-01T00:00:00+02:00,1887-03-24,1933-01-01T00:00:00+02:00,Myocardial infarction
1887-01-01T00:00:00+02:00,1887-08-15,1957-01-01T00:00:00+02:00,Myocardial infarction
1887-01-01T00:00:00+02:00,1887-11-20,1946-01-01T00:00:00+02:00,Myocardial infarction
1887-01-01T00:00:00+02:00,1887-09-16,2003-01-01T00:00:00+02:00,Pneumonia
1887-01-01T00:00:00+02:00,1887-08-05,1972-01-01T00:00:00+02:00,Myocardial infarction
1887-01-01T00:00:00+02:00,1887-09-18,1944-01-01T00:00:00+02:00,Myocardial infarction
1887-01-01T00:00:00+02:00,1887-01-11,1963-01-01T00:00:00+02:00,{Influenza|Myocardial infarction}
1887-01-01T00:00:00+02:00,1887-11-23,1969-01-01T00:00:00+02:00,Pneumonia
1887-01-01T00:00:00+02:00,1887-09-05,1938-01-01T00:00:00+02:00,Myocardial infarction
1887-01-01T00:00:00+02:00,1887-04-30,1943-01-01T00:00:00+02:00,Suicide
1887-01-01T00:00:00+02:00,1887-08-10,1927-01-01T00:00:00+02:00,Pneumonia
1888-01-01T00:00:00+02:00,1888-12-12,1944-01-01T00:00:00+02:00,Pneumonia
1888-01-01T00:00:00+02:00,1888-09-18,1938-01-01T00:00:00+02:00,Pneumonia
1888-01-01T00:00:00+02:00,1888-12-19,1962-01-01T00:00:00+02:00,Myocardial infarction
1888-01-01T00:00:00+02:00,1888-04-20,1938-01-01T00:00:00+02:00,Myocardial infarction
1888-01-01T00:00:00+02:00,1888-07-16,1987-01-01T00:00:00+02:00,Stroke
1888-01-01T00:00:00+02:00,1888-01-01T00:00:00+02:00,1953-01-01T00:00:00+02:00,Myocardial infarction
1888-01-01T00:00:00+02:00,1888-03-03,1955-01-01T00:00:00+02:00,Myocardial infarction
1888-01-01T00:00:00+02:00,1888-03-04,1942-01-01T00:00:00+02:00,Colorectal cancer
1888-01-01T00:00:00+02:00,1888-11-30,1969-01-01T00:00:00+02:00,Stroke
1888-01-01T00:00:00+02:00,1888-08-03,1923-01-01T00:00:00+02:00,Pneumonia
1888-01-01T00:00:00+02:00,1888-04-15,1954-01-01T00:00:00+02:00,Myocardial infarction
1888-01-01T00:00:00+02:00,1888-05-06,1972-01-01T00:00:00+02:00,Stroke
1888-01-01T00:00:00+02:00,1888-04-16,1950-01-01T00:00:00+02:00,Myocardial infarction
1888-01-01T00:00:00+02:00,1888-10-21,1931-01-01T00:00:00+02:00,Myocardial infarction
1889-01-01T00:00:00+02:00,1889-09-19,1973-01-01T00:00:00+02:00,Myocardial infarction
1889-01-01T00:00:00+02:00,1889-08-31,1962-01-01T00:00:00+02:00,Pneumonia
1889-01-01T00:00:00+02:00,1889-10-09,1982-01-01T00:00:00+02:00,Cancer
1889-01-01T00:00:00+02:00,1889-10-10,1947-01-01T00:00:00+02:00,Myocardial infarction
1889-01-01T00:00:00+02:00,1889-01-23,1958-01-01T00:00:00+02:00,Cancer
1889-01-01T00:00:00+02:00,1889-10-17,1983-01-01T00:00:00+02:00,Myocardial infarction
1889-01-01T00:00:00+02:00,1889-09-14,2006-01-01T00:00:00+02:00,Pneumonia
1889-01-01T00:00:00+02:00,1889-01-01T00:00:00+02:00,1941-01-01T00:00:00+02:00,Myocardial infarction
1889-01-01T00:00:00+02:00,1889-11-07,1953-01-01T00:00:00+02:00,Myocardial infarction
1889-01-01T00:00:00+02:00,1889-01-01T00:00:00+02:00,1960-01-01T00:00:00+02:00,Myocardial infarction
1889-01-01T00:00:00+02:00,1889-05-12,1980-01-01T00:00:00+02:00,Lung cancer
1889-01-01T00:00:00+02:00,1889-08-31,2004-01-01T00:00:00+02:00,Pneumonia
1889-01-01T00:00:00+02:00,1889-10-03,1944-01-01T00:00:00+02:00,Myocardial infarction
1889-01-01T00:00:00+02:00,1889-05-15,2003-01-01T00:00:00+02:00,Pneumonia
1889-01-01T00:00:00+02:00,1889-06-27,1954-01-01T00:00:00+02:00,Myocardial infarction
1889-01-01T00:00:00+02:00,1889-12-26,1962-01-01T00:00:00+02:00,Stroke
1889-01-01T00:00:00+02:00,1889-02-04,1960-01-01T00:00:00+02:00,Stroke
1889-01-01T00:00:00+02:00,1889-07-05,1963-01-01T00:00:00+02:00,Myocardial infarction
1889-01-01T00:00:00+02:00,1889-03-30,1947-01-01T00:00:00+02:00,Suicide
1889-01-01T00:00:00+02:00,1889-03-29,1951-01-01T00:00:00+02:00,Pneumonia
1889-01-01T00:00:00+02:00,1889-07-28,1948-01-01T00:00:00+02:00,Lung cancer
1889-01-01T00:00:00+02:00,1889-11-19,1966-01-01T00:00:00+02:00,Myocardial infarction
1889-01-01T00:00:00+02:00,1889-02-23,1975-01-01T00:00:00+02:00,Lung cancer
1890-01-01T00:00:00+02:00,1890-12-01,2004-01-01T00:00:00+02:00,Pneumonia
1890-01-01T00:00:00+02:00,{1890-06-22|1890-07-22},1995-01-01T00:00:00+02:00,Pneumonia
1890-01-01T00:00:00+02:00,1890-05-15,1956-01-01T00:00:00+02:00,Myocardial infarction
1890-01-01T00:00:00+02:00,1890-06-16,1965-01-01T00:00:00+02:00,Myocardial infarction
1890-01-01T00:00:00+02:00,1890-05-02,1966-01-01T00:00:00+02:00,Pneumonia
1890-01-01T00:00:00+02:00,1890-11-01,1962-01-01T00:00:00+02:00,Myocardial infarction
1890-01-01T00:00:00+02:00,1890-03-05,1938-01-01T00:00:00+02:00,Pneumonia
1890-01-01T00:00:00+02:00,1890-07-27,1976-01-01T00:00:00+02:00,Myocardial infarction
1890-01-01T00:00:00+02:00,1890-12-25,1949-01-01T00:00:00+02:00,Myocardial infarction
1890-01-01T00:00:00+02:00,1890-07-20,{0014-01-01T00:00:00+02:00|1966-01-01T00:00:00+02:00},Stroke
1890-01-01T00:00:00+02:00,1890-06-01,1949-01-01T00:00:00+02:00,Myocardial infarction
1890-01-01T00:00:00+02:00,1890-04-20,1971-01-01T00:00:00+02:00,Stroke
1890-01-01T00:00:00+02:00,1890-09-09,1980-01-01T00:00:00+02:00,{Leukemia|Pneumonia}
1891-01-01T00:00:00+02:00,1891-04-18,1956-01-01T00:00:00+02:00,Myocardial infarction
1891-01-01T00:00:00+02:00,1891-06-18,1946-01-01T00:00:00+02:00,Colorectal cancer
1891-01-01T00:00:00+02:00,1891-11-07,1976-01-01T00:00:00+02:00,Stroke
{1891-01-01T00:00:00+02:00|1895-01-01T00:00:00+02:00},{1891-08-03|1895-08-03},1941-01-01T00:00:00+02:00,Pneumonia
1891-01-01T00:00:00+02:00,1891-07-05,1987-01-01T00:00:00+02:00,Suicide
1891-01-01T00:00:00+02:00,1891-03-12,1954-01-01T00:00:00+02:00,{Pancreatitis|Pneumonia}
1891-01-01T00:00:00+02:00,1891-10-15,1971-01-01T00:00:00+02:00,Myocardial infarction
1891-01-01T00:00:00+02:00,1891-01-26,1973-01-01T00:00:00+02:00,Myocardial infarction
1891-01-01T00:00:00+02:00,1891-01-14,1938-01-01T00:00:00+02:00,Pneumonia
1891-01-01T00:00:00+02:00,1891-03-10,1984-01-01T00:00:00+02:00,Cancer
1891-01-01T00:00:00+02:00,1891-05-25,1973-01-01T00:00:00+02:00,Pneumonia
{1891-01-01T00:00:00+02:00|1894-01-01T00:00:00+02:00},{1891-03-26|1894-03-26},1962-01-01T00:00:00+02:00,Cancer
1891-01-01T00:00:00+02:00,1891-05-19,1957-01-01T00:00:00+02:00,Liver cancer
1891-01-01T00:00:00+02:00,1891-03-21,1966-01-01T00:00:00+02:00,Suicide
1892-01-01T00:00:00+02:00,1892-01-01T00:00:00+02:00,1951-01-01T00:00:00+02:00,Myocardial infarction
1892-01-01T00:00:00+02:00,1892-01-14,1992-01-01T00:00:00+02:00,Pneumonia
1892-01-01T00:00:00+02:00,1892-01-21,1950-01-01T00:00:00+02:00,Myocardial infarction
1892-01-01T00:00:00+02:00,1892-01-26,1978-01-01T00:00:00+02:00,Lung cancer
1892-01-01T00:00:00+02:00,1892-09-04,1979-01-01T00:00:00+02:00,Suicide
1892-01-01T00:00:00+02:00,1892-10-25,{1941-01-01T00:00:00+02:00|1970-01-01T00:00:00+02:00},Myocardial infarction
1892-01-01T00:00:00+02:00,1892-01-05,1955-01-01T00:00:00+02:00,Stomach cancer
1892-01-01T00:00:00+02:00,1892-12-31,1955-01-01T00:00:00+02:00,Myocardial infarction
1892-01-01T00:00:00+02:00,1892-12-31,1963-01-01T00:00:00+02:00,Myocardial infarction
1892-01-01T00:00:00+02:00,1892-05-16,1937-01-01T00:00:00+02:00,Myocardial infarction
1892-01-01T00:00:00+02:00,1892-09-11,1967-01-01T00:00:00+02:00,Lung cancer
1892-01-01T00:00:00+02:00,1892-02-27,1983-01-01T00:00:00+02:00,{Pneumonia|Prostate cancer}
1892-01-01T00:00:00+02:00,1892-09-17,1977-01-01T00:00:00+02:00,Myocardial infarction
1893-01-01T00:00:00+02:00,1893-03-06,1940-01-01T00:00:00+02:00,Suicide
1893-01-01T00:00:00+02:00,1893-11-09,1948-01-01T00:00:00+02:00,Suicide
1893-01-01T00:00:00+02:00,1893-05-26,1957-01-01T00:00:00+02:00,Head and neck cancer
1893-01-01T00:00:00+02:00,1893-11-14,1962-01-01T00:00:00+02:00,Suicide
1893-01-01T00:00:00+02:00,1893-03-28,1971-01-01T00:00:00+02:00,Myocardial infarction
1893-01-01T00:00:00+02:00,1893-01-01,1931-01-01T00:00:00+02:00,Myocardial infarction
1893-01-01T00:00:00+02:00,1893-01-08,1958-01-01T00:00:00+02:00,Myocardial infarction
1893-01-01T00:00:00+02:00,1893-05-04,1974-01-01T00:00:00+02:00,Lung cancer
1893-01-01T00:00:00+02:00,1893-11-02,1942-01-01T00:00:00+02:00,Myocardial infarction
1893-01-01T00:00:00+02:00,1893-07-18,1949-01-01T00:00:00+02:00,Myocardial infarction
1893-01-01T00:00:00+02:00,1893-12-01,2007-01-01T00:00:00+02:00,Pneumonia
1893-01-01T00:00:00+02:00,1893-07-24,1970-01-01T00:00:00+02:00,Myocardial infarction
{1893-01-01T00:00:00+02:00|1895-01-01T00:00:00+02:00},{1893-06-09|1895-06-09},1936-01-01T00:00:00+02:00,Myocardial infarction
1893-01-01T00:00:00+02:00,1893-12-07,1968-01-01T00:00:00+02:00,Pneumonia
1893-01-01T00:00:00+02:00,1893-10-20,1940-01-01T00:00:00+02:00,Myocardial infarction
1893-01-01T00:00:00+02:00,1893-04-17,1967-01-01T00:00:00+02:00,Cancer
1893-01-01T00:00:00+02:00,1893-05-09,1947-01-01T00:00:00+02:00,Skin cancer
1893-01-01T00:00:00+02:00,1893-07-22,1990-01-01T00:00:00+02:00,Stomach cancer
1894-01-01T00:00:00+02:00,1894-02-14,1974-01-01T00:00:00+02:00,Pancreatic cancer
1894-01-01T00:00:00+02:00,1894-02-07,1950-01-01T00:00:00+02:00,Myocardial infarction
1894-01-01T00:00:00+02:00,1894-09-22,1966-01-01T00:00:00+02:00,Myocardial infarction
1894-01-01T00:00:00+02:00,1894-08-01,1956-01-01T00:00:00+02:00,Myocardial infarction
1894-01-01T00:00:00+02:00,1894-09-14,1964-01-01T00:00:00+02:00,Myocardial infarction
1894-01-01T00:00:00+02:00,1894-02-01,1973-01-01T00:00:00+02:00,Stomach cancer
1894-01-01T00:00:00+02:00,1894-09-23,1968-01-01T00:00:00+02:00,Pneumonia
1894-01-01T00:00:00+02:00,1894-03-05,1950-01-01T00:00:00+02:00,Pancreatic cancer
1894-01-01T00:00:00+02:00,1894-09-12,1971-01-01T00:00:00+02:00,Stroke
1894-01-01T00:00:00+02:00,1894-06-28,1988-01-01T00:00:00+02:00,Pneumonia
1894-01-01T00:00:00+02:00,{1894-05-02|1894-05-26},1957-01-01T00:00:00+02:00,Pneumonia
1894-01-01T00:00:00+02:00,1894-10-26,1981-01-01T00:00:00+02:00,Myocardial infarction
1895-01-01T00:00:00+02:00,1895-12-05,1973-01-01T00:00:00+02:00,Myocardial infarction
1895-01-01T00:00:00+02:00,1895-11-14,2010-01-01T00:00:00+02:00,Pneumonia
1895-01-01T00:00:00+02:00,1895-07-26,1964-01-01T00:00:00+02:00,Myocardial infarction
1895-01-01T00:00:00+02:00,1895-03-11,1955-01-01T00:00:00+02:00,Myocardial infarction
1895-01-01T00:00:00+02:00,1895-08-18,1961-01-01T00:00:00+02:00,Cancer
1895-01-01T00:00:00+02:00,1895-06-10,1952-01-01T00:00:00+02:00,Breast cancer
1895-01-01T00:00:00+02:00,1895-10-21,1958-01-01T00:00:00+02:00,Head and neck cancer
1895-01-01T00:00:00+02:00,1895-10-28,1969-01-01T00:00:00+02:00,Myocardial infarction
1895-01-01T00:00:00+02:00,1895-08-25,1987-01-01T00:00:00+02:00,Pneumonia
1895-01-01T00:00:00+02:00,1895-10-04,1966-01-01T00:00:00+02:00,Lung cancer
1895-01-01T00:00:00+02:00,1895-02-16,1963-01-01T00:00:00+02:00,Myocardial infarction
1896-01-01T00:00:00+02:00,1896-12-30,1963-01-01T00:00:00+02:00,Cancer
1896-01-01T00:00:00+02:00,1896-01-01T00:00:00+02:00,1961-01-01T00:00:00+02:00,Esophageal cancer
1896-01-01T00:00:00+02:00,1896-12-16,1984-01-01T00:00:00+02:00,Pneumonia
1896-01-01T00:00:00+02:00,1896-11-19,1967-01-01T00:00:00+02:00,Myocardial infarction
1896-01-01T00:00:00+02:00,1896-08-30,1983-01-01T00:00:00+02:00,Pneumonia
1896-01-01T00:00:00+02:00,1896-12-31,1987-01-01T00:00:00+02:00,Pneumonia
1896-01-01T00:00:00+02:00,1896-01-26,1960-01-01T00:00:00+02:00,Liver cancer
1896-01-01T00:00:00+02:00,1896-06-18,1986-01-01T00:00:00+02:00,Stroke
1896-01-01T00:00:00+02:00,1896-04-27,1937-01-01T00:00:00+02:00,Suicide
1896-01-01T00:00:00+02:00,{1896-02-02|1896-09-02},1967-01-01T00:00:00+02:00,Stroke
1896-01-01T00:00:00+02:00,1896-05-04,1982-01-01T00:00:00+02:00,Myocardial infarction
1897-01-01T00:00:00+02:00,1897-07-18,1937-01-01T00:00:00+02:00,Pneumonia
1897-01-01T00:00:00+02:00,1897-08-31,1975-01-01T00:00:00+02:00,Prostate cancer
1897-01-01T00:00:00+02:00,1897-11-08,1980-01-01T00:00:00+02:00,Myocardial infarction
1897-01-01T00:00:00+02:00,1897-12-24,2013-01-01T00:00:00+02:00,Pneumonia
1897-01-01T00:00:00+02:00,1897-08-12,1938-01-01T00:00:00+02:00,Myocardial infarction
1897-01-01T00:00:00+02:00,1897-01-03,1961-01-01T00:00:00+02:00,Stomach cancer
{1897-01-01T00:00:00+02:00|1899-01-01T00:00:00+02:00},{1897-07-10|1899-07-10},1936-01-01T00:00:00+02:00,Myocardial infarction
1897-01-01T00:00:00+02:00,1897-03-08,1970-01-01T00:00:00+02:00,Myocardial infarction
1897-01-01T00:00:00+02:00,1897-08-05,1954-01-01T00:00:00+02:00,Myocardial infarction
1897-01-01T00:00:00+02:00,1897-07-08,1970-01-01T00:00:00+02:00,Cancer
1897-01-01T00:00:00+02:00,1897-06-19,1975-01-01T00:00:00+02:00,Lung cancer
1897-01-01T00:00:00+02:00,1897-11-27,1969-01-01T00:00:00+02:00,Myocardial infarction
1897-01-01T00:00:00+02:00,1897-02-19,1931-01-01T00:00:00+02:00,Pneumonia
1897-01-01T00:00:00+02:00,1897-11-22,1940-01-01T00:00:00+02:00,Suicide
1898-01-01T00:00:00+02:00,1898-08-16,1971-01-01T00:00:00+02:00,Myocardial infarction
1898-01-01T00:00:00+02:00,1898-08-10,1979-01-01T00:00:00+02:00,Myocardial infarction
1898-01-01T00:00:00+02:00,1898-10-28,1951-01-01T00:00:00+02:00,Myocardial infarction
1898-01-01T00:00:00+02:00,1898-05-10,1941-01-01T00:00:00+02:00,Suicide
1898-01-01T00:00:00+02:00,1898-10-17,1991-01-01T00:00:00+02:00,Pneumonia
1898-01-01T00:00:00+02:00,1898-11-04,1978-01-01T00:00:00+02:00,Myocardial infarction
1898-01-01T00:00:00+02:00,1898-06-30,1985-01-01T00:00:00+02:00,Cancer
1898-01-01T00:00:00+02:00,1898-01-01T00:00:00+02:00,1945-01-01T00:00:00+02:00,Myocardial infarction
1898-01-01T00:00:00+02:00,1898-12-14,1980-01-01T00:00:00+02:00,Cancer
1898-01-01T00:00:00+02:00,1898-04-19,1973-01-01T00:00:00+02:00,Pneumonia
1898-01-01T00:00:00+02:00,1898-07-04,1965-01-01T00:00:00+02:00,Myocardial infarction
1898-01-01T00:00:00+02:00,1898-02-26,1945-01-01T00:00:00+02:00,Suicide
1899-01-01T00:00:00+02:00,1899-04-02,1961-01-01T00:00:00+02:00,Myocardial infarction
1899-01-01T00:00:00+02:00,1899-07-17,1986-01-01T00:00:00+02:00,Myocardial infarction
1899-01-01T00:00:00+02:00,1899-06-27,1981-01-01T00:00:00+02:00,Stroke
1899-01-01T00:00:00+02:00,1899-11-11,1983-01-01T00:00:00+02:00,Myocardial infarction
1899-01-01T00:00:00+02:00,1899-05-06,1969-01-01T00:00:00+02:00,Stroke
1899-01-01T00:00:00+02:00,1899-11-21,1967-01-01T00:00:00+02:00,Pneumonia
1899-01-01T00:00:00+02:00,1899-06-11,1975-01-01T00:00:00+02:00,Pneumonia
1899-01-01T00:00:00+02:00,1899-02-15,{1996-01-01T00:00:00+02:00|1997-01-01T00:00:00+02:00},Stroke
1899-01-01T00:00:00+02:00,1899-12-25,1957-01-01T00:00:00+02:00,Esophageal cancer
